<?xml version="1.0" encoding="UTF-8"?>
<configuration>
    <appender name="STDOUT" class="ch.qos.logback.core.ConsoleAppender">
        <filter class="ch.qos.logback.classic.filter.ThresholdFilter">
            <level>ERROR</level>
        </filter>
        <encoder>
            <pattern>[%date{ISO8601}] [%level] [%logger] [%X{akkaAddress}] [%X{akkaSource}] - %msg%n</pattern>
        </encoder>
    </appender>
    <appender name="FILE" class="ch.qos.logback.core.FileAppender">
        <file>target/cluster-logging/cluster.log</file>
        <encoder>
            <pattern>[%date{ISO8601}] [%level] [%logger] [%X{akkaAddress}] [%X{akkaSource}] - %msg%n</pattern>
        </encoder>
    </appender>

    <root level="DEBUG">
        <appender-ref ref="STDOUT"/>
        <appender-ref ref="FILE"/>
    </root>
</configuration>